,SpA,SpB,SpC
SpA,0,0.73767,0.733443
SpB,0.73767,0,0.854321
SpC,0.733443,0.854321,0
